vehicle_count,avg_speed_kmph,weather,accident_flag,road_capacity,signal_cycle_time_sec,congestion_level,delay_minutes,vehicle_type,emergency_vehicle_count,vehicle_emission_rate_g_per_km,total_emission_level,violation_vehicle_count,violation_rate,time_of_day,road_type,road_condition,rainfall_intensity,vehicle_density,speed_drop_index,accident_penalty,weather_penalty,signal_penalty,road_penalty,estimated_delay
376,55,0,1,339,101,Medium,23.9,3,5,219,82344,19,0.05053191489361702,Evening,0,1,14,1.1091445427728615,25,50,140,1.68,0,23.9
492,40,2,1,328,67,High,34.12,2,3,203,99876,1,0.0020325203252032522,Morning,0,2,6,1.5,40,50,60,1.12,5,34.12
399,73,0,1,366,111,High,29.03,2,1,135,53865,1,0.002506265664160401,Night,2,2,11,1.0901639344262295,7,50,110,1.85,5,29.03
358,89,1,0,215,72,Medium,17.54,3,2,182,65156,18,0.05027932960893855,Night,1,1,15,1.6651162790697673,-9,0,150,1.2,0,17.54
281,76,1,0,190,87,Medium,17.41,0,0,127,35687,4,0.014234875444839857,Night,1,1,1,1.4789473684210526,4,0,10,1.45,0,17.41
89,36,1,1,216,148,High,41.29,3,3,176,15664,0,0.0,Night,0,0,14,0.41203703703703703,44,50,140,2.47,10,41.29
441,84,1,0,154,137,High,31.0,1,0,206,90846,11,0.024943310657596373,Afternoon,0,0,9,2.8636363636363638,-4,0,90,2.28,10,31.0
77,43,0,1,345,59,Medium,21.42,0,2,214,16478,4,0.05194805194805195,Morning,2,1,8,0.22318840579710145,37,50,80,0.98,0,21.42
479,37,2,0,381,57,Medium,23.47,0,2,196,93884,1,0.0020876826722338203,Night,2,0,3,1.2572178477690288,43,0,30,0.95,10,23.47
324,36,1,1,202,66,High,42.3,2,1,102,33048,15,0.046296296296296294,Afternoon,1,0,12,1.603960396039604,44,50,120,1.1,10,42.3
86,51,1,1,332,112,High,30.39,2,1,156,13416,2,0.023255813953488372,Evening,0,1,11,0.25903614457831325,29,50,110,1.87,0,30.39
238,77,1,0,351,105,Medium,21.11,2,2,114,27132,10,0.04201680672268908,Morning,2,2,12,0.6780626780626781,3,0,120,1.75,5,21.11
371,75,1,1,381,120,High,41.94,0,5,191,70861,9,0.02425876010781671,Morning,2,0,2,0.973753280839895,5,50,20,2.0,10,41.94
315,53,0,1,181,113,High,30.36,3,5,151,47565,7,0.022222222222222223,Night,2,2,15,1.7403314917127073,27,50,150,1.88,5,30.36
437,32,2,0,344,137,Medium,14.82,0,5,88,38456,35,0.08009153318077804,Morning,0,1,7,1.2703488372093024,48,0,70,2.28,0,14.82
423,87,0,0,324,65,Medium,13.7,1,5,206,87138,29,0.06855791962174941,Morning,2,2,11,1.3055555555555556,-7,0,110,1.08,5,13.7
425,57,1,0,319,86,High,27.09,0,4,205,87125,29,0.06823529411764706,Night,2,0,14,1.3322884012539185,23,0,140,1.43,10,27.09
312,52,2,1,170,134,High,30.91,3,1,141,43992,13,0.041666666666666664,Afternoon,1,1,2,1.8352941176470587,28,50,20,2.23,0,30.91
487,70,0,1,154,83,High,37.7,3,1,185,90095,10,0.02053388090349076,Afternoon,1,0,5,3.1623376623376624,10,50,50,1.38,10,37.7
60,47,0,1,179,141,High,28.03,0,1,187,11220,3,0.05,Afternoon,2,2,2,0.33519553072625696,33,50,20,2.35,5,28.03
201,42,0,1,278,124,High,33.51,0,3,104,20904,15,0.07462686567164178,Evening,2,0,5,0.7230215827338129,38,50,50,2.07,10,33.51
405,77,1,0,345,91,Medium,21.86,2,5,103,41715,29,0.07160493827160494,Afternoon,2,2,14,1.173913043478261,3,0,140,1.52,5,21.86
283,49,2,0,399,77,Medium,17.7,1,3,181,51223,2,0.007067137809187279,Afternoon,0,2,13,0.7092731829573935,31,0,130,1.28,5,17.7
305,37,1,1,210,68,High,32.03,0,0,171,52155,30,0.09836065573770492,Evening,1,1,12,1.4523809523809523,43,50,120,1.13,0,32.03
374,41,0,1,317,53,Medium,23.24,1,3,106,39644,4,0.0106951871657754,Morning,1,1,13,1.1798107255520505,39,50,130,0.88,0,23.24
485,37,2,1,152,123,High,38.43,0,5,116,56260,3,0.006185567010309278,Night,0,2,9,3.1907894736842106,43,50,90,2.05,5,38.43
449,70,1,1,150,70,High,35.15,3,4,182,81718,8,0.017817371937639197,Evening,2,1,1,2.993333333333333,10,50,10,1.17,0,35.15
457,53,0,1,367,142,High,29.87,1,4,100,45700,27,0.05908096280087528,Morning,2,2,13,1.2452316076294279,27,50,130,2.37,5,29.87
62,45,2,0,340,65,Medium,11.44,3,0,151,9362,6,0.0967741935483871,Morning,2,1,14,0.18235294117647058,35,0,140,1.08,0,11.44
450,65,0,1,194,89,High,36.12,3,2,121,54450,31,0.06888888888888889,Night,2,0,1,2.3195876288659796,15,50,10,1.48,10,36.12
230,49,2,1,210,80,High,33.53,0,5,155,35650,2,0.008695652173913044,Morning,0,2,9,1.0952380952380953,31,50,90,1.33,5,33.53
92,75,0,0,158,140,Medium,18.49,1,1,217,19964,3,0.03260869565217391,Morning,1,0,15,0.5822784810126582,5,0,150,2.33,10,18.49
229,43,2,0,268,134,Medium,23.93,2,2,138,31602,22,0.09606986899563319,Morning,1,0,14,0.8544776119402985,37,0,140,2.23,10,23.93
181,32,1,1,391,118,High,35.89,3,4,116,20996,14,0.07734806629834254,Night,2,2,11,0.4629156010230179,48,50,110,1.97,5,35.89
190,76,0,1,290,139,Medium,23.64,3,3,143,27170,10,0.05263157894736842,Evening,0,1,5,0.6551724137931034,4,50,50,2.32,0,23.64
398,82,1,1,392,94,High,41.61,0,2,104,41392,26,0.06532663316582915,Evening,1,0,0,1.0153061224489797,-2,50,0,1.57,10,41.61
123,47,0,1,240,80,High,27.35,1,2,204,25092,5,0.04065040650406504,Night,0,2,2,0.5125,33,50,20,1.33,5,27.35
491,42,1,0,272,58,High,27.59,3,1,98,48118,36,0.07331975560081466,Night,0,0,1,1.8051470588235294,38,0,10,0.97,10,27.59
443,59,1,0,178,67,Medium,19.1,1,5,173,76639,28,0.06320541760722348,Evening,1,1,7,2.4887640449438204,21,0,70,1.12,0,19.1
456,56,1,0,267,125,Medium,18.5,1,1,186,84816,41,0.08991228070175439,Morning,0,1,13,1.7078651685393258,24,0,130,2.08,0,18.5
426,32,2,1,291,63,High,28.97,3,5,171,72846,7,0.01643192488262911,Evening,2,1,12,1.4639175257731958,48,50,120,1.05,0,28.97
95,63,1,0,340,107,High,25.34,3,0,166,15770,6,0.06315789473684211,Evening,1,0,3,0.27941176470588236,17,0,30,1.78,10,25.34
104,48,2,0,316,118,Medium,17.63,3,2,96,9984,5,0.04807692307692308,Evening,0,2,9,0.3291139240506329,32,0,90,1.97,5,17.63
151,30,2,1,220,123,High,33.43,1,4,117,17667,11,0.0728476821192053,Evening,2,2,10,0.6863636363636364,50,50,100,2.05,5,33.43
278,70,2,0,377,135,Medium,18.73,3,5,159,44202,18,0.06474820143884892,Afternoon,0,2,6,0.7374005305039788,10,0,60,2.25,5,18.73
84,44,0,1,325,124,Medium,22.59,2,5,99,8316,0,0.0,Night,1,1,14,0.25846153846153846,36,50,140,2.07,0,22.59
311,63,2,0,257,121,Medium,19.44,2,2,148,46028,18,0.05787781350482315,Night,0,2,1,1.2101167315175096,17,0,10,2.02,5,19.44
363,61,2,0,286,109,Medium,24.36,0,3,141,51183,35,0.09641873278236915,Afternoon,0,0,0,1.2692307692307692,19,0,0,1.82,10,24.36
252,41,0,1,306,92,High,33.17,1,5,217,54684,13,0.051587301587301584,Evening,1,0,9,0.8235294117647058,39,50,90,1.53,10,33.17
471,33,0,0,218,65,Medium,20.4,2,2,152,71592,35,0.07430997876857749,Evening,0,0,9,2.1605504587155964,47,0,90,1.08,10,20.4
108,61,2,1,365,73,High,36.82,2,4,172,18576,1,0.009259259259259259,Afternoon,1,0,7,0.2958904109589041,19,50,70,1.22,10,36.82
398,55,1,0,296,60,High,26.68,2,3,148,58904,11,0.02763819095477387,Morning,0,0,8,1.3445945945945945,25,0,80,1.0,10,26.68
83,34,2,1,378,110,High,27.27,2,0,127,10541,0,0.0,Afternoon,0,1,11,0.21957671957671956,46,50,110,1.83,0,27.27
143,65,0,1,327,60,High,31.88,1,4,210,30030,5,0.03496503496503497,Evening,1,0,1,0.43730886850152906,15,50,10,1.0,10,31.88
161,79,2,0,237,112,Medium,13.23,2,5,185,29785,9,0.055900621118012424,Evening,1,1,10,0.679324894514768,1,0,100,1.87,0,13.23
404,57,2,1,362,131,High,29.42,3,4,160,64640,26,0.06435643564356436,Morning,0,1,2,1.1160220994475138,23,50,20,2.18,0,29.42
385,38,2,0,223,86,Medium,19.89,2,4,157,60445,12,0.03116883116883117,Afternoon,2,2,5,1.7264573991031391,42,0,50,1.43,5,19.89
305,39,1,0,258,103,Medium,17.08,2,2,178,54290,0,0.0,Night,0,1,7,1.182170542635659,41,0,70,1.72,0,17.08
423,86,1,1,196,101,High,39.0,0,1,127,53721,33,0.07801418439716312,Evening,2,2,13,2.1581632653061225,-6,50,130,1.68,5,39.0
206,42,2,1,383,123,High,38.13,1,1,168,34608,6,0.02912621359223301,Night,0,0,1,0.5378590078328982,38,50,10,2.05,10,38.13
90,32,2,0,161,64,Medium,17.19,0,1,117,10530,2,0.022222222222222223,Night,1,2,3,0.5590062111801242,48,0,30,1.07,5,17.19
336,30,1,0,274,56,Medium,21.39,2,1,97,32592,14,0.041666666666666664,Evening,2,2,11,1.2262773722627738,50,0,110,0.93,5,21.39
475,50,2,1,218,83,High,35.74,2,4,178,84550,11,0.023157894736842106,Night,0,2,14,2.1788990825688073,30,50,140,1.38,5,35.74
397,75,0,1,294,127,High,29.82,3,4,214,84958,7,0.017632241813602016,Evening,0,2,10,1.3503401360544218,5,50,100,2.12,5,29.82
491,70,2,0,252,148,High,26.37,3,1,193,94763,10,0.020366598778004074,Morning,0,0,7,1.9484126984126984,10,0,70,2.47,10,26.37
172,72,2,1,160,93,High,28.69,1,0,146,25112,13,0.0755813953488372,Night,1,1,10,1.075,8,50,100,1.55,0,28.69
301,45,2,0,248,116,Medium,14.35,2,3,128,38528,26,0.08637873754152824,Afternoon,2,1,7,1.2137096774193548,35,0,70,1.93,0,14.35
481,79,2,0,319,117,Medium,14.97,1,3,115,55315,47,0.09771309771309772,Afternoon,0,1,11,1.5078369905956113,1,0,110,1.95,0,14.97
178,41,0,1,333,149,High,28.54,0,4,210,37380,12,0.06741573033707865,Afternoon,2,2,7,0.5345345345345346,39,50,70,2.48,5,28.54
373,81,0,1,249,114,High,34.9,3,0,211,78703,20,0.05361930294906166,Night,2,0,15,1.497991967871486,-1,50,150,1.9,10,34.9
262,44,0,1,332,67,High,32.7,3,0,135,35370,2,0.007633587786259542,Night,0,0,0,0.7891566265060241,36,50,0,1.12,10,32.7
472,68,1,0,336,139,Medium,18.12,0,3,102,48144,14,0.029661016949152543,Afternoon,2,1,1,1.4047619047619047,12,0,10,2.32,0,18.12
233,33,0,1,384,150,High,33.72,3,3,115,26795,13,0.055793991416309016,Morning,0,0,10,0.6067708333333334,47,50,100,2.5,10,33.72
99,71,1,0,363,127,Medium,15.66,2,2,182,18018,8,0.08080808080808081,Afternoon,1,1,11,0.2727272727272727,9,0,110,2.12,0,15.66
437,65,0,0,224,123,Medium,15.95,2,5,157,68609,19,0.043478260869565216,Afternoon,2,2,12,1.9508928571428572,15,0,120,2.05,5,15.95
261,50,0,0,343,87,Medium,12.97,3,1,99,25839,14,0.05363984674329502,Morning,1,2,1,0.760932944606414,30,0,10,1.45,5,12.97
224,78,1,1,290,71,High,35.72,1,5,143,32032,18,0.08035714285714286,Night,2,2,6,0.7724137931034483,2,50,60,1.18,5,35.72
407,85,2,1,188,60,High,40.32,0,1,171,69597,35,0.085995085995086,Night,2,0,6,2.1648936170212765,-5,50,60,1.0,10,40.32
235,60,1,0,223,98,High,26.73,2,1,95,22325,22,0.09361702127659574,Night,1,0,11,1.053811659192825,20,0,110,1.63,10,26.73
407,33,1,0,280,136,Medium,18.17,0,1,87,35409,18,0.044226044226044224,Evening,1,1,2,1.4535714285714285,47,0,20,2.27,0,18.17
162,86,2,1,337,144,High,38.36,0,1,117,18954,1,0.006172839506172839,Night,1,0,2,0.4807121661721068,-6,50,20,2.4,10,38.36
127,83,0,0,236,80,Low,7.41,1,4,86,10922,11,0.08661417322834646,Afternoon,0,1,1,0.538135593220339,-3,0,10,1.33,0,7.41
462,63,0,0,357,121,Medium,14.6,2,1,216,99792,17,0.0367965367965368,Afternoon,2,2,7,1.2941176470588236,17,0,70,2.02,5,14.6
452,70,2,0,199,114,High,26.44,3,1,180,81360,45,0.09955752212389381,Evening,1,0,14,2.271356783919598,10,0,140,1.9,10,26.44
152,52,0,1,229,130,High,28.49,1,1,194,29488,7,0.046052631578947366,Afternoon,1,2,8,0.6637554585152838,28,50,80,2.17,5,28.49
149,67,1,0,289,123,Medium,21.09,2,5,191,28459,2,0.013422818791946308,Evening,2,2,6,0.5155709342560554,13,0,60,2.05,5,21.09
478,44,0,1,261,119,High,35.64,2,3,204,97512,18,0.03765690376569038,Evening,2,0,9,1.8314176245210727,36,50,90,1.98,10,35.64
304,85,2,0,236,130,Medium,19.75,3,2,98,29792,29,0.09539473684210527,Evening,2,2,14,1.2881355932203389,-5,0,140,2.17,5,19.75
385,80,2,0,293,96,Medium,14.22,3,2,141,54285,35,0.09090909090909091,Afternoon,1,1,3,1.3139931740614335,0,0,30,1.6,0,14.22
458,68,2,0,301,126,Medium,20.14,2,2,189,86562,25,0.05458515283842795,Afternoon,0,2,3,1.521594684385382,12,0,30,2.1,5,20.14
459,86,1,0,374,71,Medium,21.64,0,3,215,98685,19,0.04139433551198257,Afternoon,0,2,11,1.2272727272727273,-6,0,110,1.18,5,21.64
293,72,0,0,289,69,Medium,18.17,3,1,105,30765,17,0.05802047781569966,Night,1,0,1,1.013840830449827,8,0,10,1.15,10,18.17
234,74,0,1,156,74,High,34.23,0,4,173,40482,0,0.0,Afternoon,0,0,8,1.5,6,50,80,1.23,10,34.23
89,39,1,1,375,143,High,40.86,3,3,172,15308,1,0.011235955056179775,Afternoon,2,0,0,0.23733333333333334,41,50,0,2.38,10,40.86
371,90,2,1,292,127,High,29.66,0,1,139,51569,6,0.016172506738544475,Evening,0,1,6,1.2705479452054795,-10,50,60,2.12,0,29.66
90,89,1,1,244,111,High,35.59,0,3,134,12060,9,0.1,Afternoon,0,2,9,0.36885245901639346,-9,50,90,1.85,5,35.59
289,68,2,0,297,60,Medium,22.94,2,0,101,29189,13,0.04498269896193772,Evening,1,0,15,0.9730639730639731,12,0,150,1.0,10,22.94
241,59,1,1,172,86,High,37.23,2,2,172,41452,1,0.004149377593360996,Morning,2,2,2,1.4011627906976745,21,50,20,1.43,5,37.23
256,68,2,1,364,138,High,38.7,3,1,166,42496,4,0.015625,Morning,1,0,14,0.7032967032967034,12,50,140,2.3,10,38.7
125,30,2,1,246,59,High,37.0,0,3,141,17625,0,0.0,Evening,0,0,1,0.508130081300813,50,50,10,0.98,10,37.0
180,35,0,1,234,150,High,29.04,1,5,126,22680,3,0.016666666666666666,Morning,2,2,5,0.7692307692307693,45,50,50,2.5,5,29.04
465,42,2,0,340,86,Medium,24.17,0,2,120,55800,36,0.07741935483870968,Morning,2,0,11,1.3676470588235294,38,0,110,1.43,10,24.17
479,40,0,0,333,136,Medium,15.15,2,0,204,97716,20,0.04175365344467641,Morning,0,2,6,1.4384384384384385,40,0,60,2.27,5,15.15
464,38,0,0,243,94,Medium,20.39,0,4,126,58464,5,0.010775862068965518,Afternoon,1,0,5,1.9094650205761317,42,0,50,1.57,10,20.39
122,90,1,1,302,140,High,31.13,1,3,175,21350,2,0.01639344262295082,Afternoon,2,1,13,0.40397350993377484,-10,50,130,2.33,0,31.13
471,58,2,0,372,137,Medium,14.82,0,4,100,47100,0,0.0,Afternoon,1,1,8,1.2661290322580645,22,0,80,2.28,0,14.82
101,48,2,1,261,114,High,27.68,3,0,203,20503,5,0.04950495049504951,Night,0,1,7,0.38697318007662834,32,50,70,1.9,0,27.68
191,36,2,0,368,108,Medium,12.84,2,4,213,40683,1,0.005235602094240838,Afternoon,2,1,15,0.5190217391304348,44,0,150,1.8,0,12.84
161,76,2,1,341,134,High,38.17,1,1,106,17066,16,0.09937888198757763,Night,0,0,9,0.47214076246334313,4,50,90,2.23,10,38.17
469,67,2,1,260,62,High,29.63,0,2,198,92862,11,0.023454157782515993,Afternoon,0,1,3,1.8038461538461539,13,50,30,1.03,0,29.63
426,40,0,0,273,124,Medium,10.19,3,3,162,69012,37,0.08685446009389672,Night,0,1,5,1.5604395604395604,40,0,50,2.07,0,10.19
221,45,1,1,179,81,High,31.81,0,0,85,18785,15,0.06787330316742081,Night,1,1,1,1.23463687150838,35,50,10,1.35,0,31.81
293,72,1,1,386,51,High,40.37,2,4,203,59479,3,0.010238907849829351,Afternoon,0,0,14,0.7590673575129534,8,50,140,0.85,10,40.37
242,81,2,0,318,112,Medium,18.39,2,5,143,34606,2,0.008264462809917356,Afternoon,0,2,3,0.7610062893081762,-1,0,30,1.87,5,18.39
433,37,0,1,199,58,High,25.33,0,2,91,39403,20,0.046189376443418015,Morning,2,1,1,2.1758793969849246,43,50,10,0.97,0,25.33
63,90,0,1,294,98,High,27.05,3,3,213,13419,0,0.0,Evening,0,2,11,0.21428571428571427,-10,50,110,1.63,5,27.05
428,34,0,1,273,73,High,29.36,2,4,181,77468,28,0.06542056074766354,Afternoon,0,2,0,1.5677655677655677,46,50,0,1.22,5,29.36
396,33,0,1,384,89,Medium,23.54,3,0,193,76428,26,0.06565656565656566,Morning,1,1,2,1.03125,47,50,20,1.48,0,23.54
389,81,0,0,334,114,Low,9.22,1,1,216,84024,22,0.056555269922879174,Afternoon,1,1,7,1.1646706586826348,-1,0,70,1.9,0,9.22
318,45,2,1,391,124,High,38.69,0,1,151,48018,31,0.09748427672955975,Afternoon,0,0,13,0.8132992327365729,35,50,130,2.07,10,38.69
101,71,1,1,313,142,High,31.01,0,4,129,13029,2,0.019801980198019802,Morning,0,1,2,0.3226837060702875,9,50,20,2.37,0,31.01
139,80,0,0,183,72,Low,7.72,0,5,148,20572,7,0.050359712230215826,Afternoon,2,1,9,0.7595628415300546,0,0,90,1.2,0,7.72
378,32,1,0,264,137,High,28.14,3,0,141,53298,21,0.05555555555555555,Afternoon,2,0,14,1.4318181818181819,48,0,140,2.28,10,28.14
246,66,1,0,321,139,Medium,21.86,2,5,132,32472,12,0.04878048780487805,Evening,0,2,2,0.7663551401869159,14,0,20,2.32,5,21.86
337,80,2,1,234,95,High,39.46,3,2,163,54931,0,0.0,Morning,0,0,0,1.4401709401709402,0,50,0,1.58,10,39.46
284,45,1,0,208,115,Medium,17.66,2,2,215,61060,9,0.03169014084507042,Evening,0,1,6,1.3653846153846154,35,0,60,1.92,0,17.66
241,38,0,1,337,51,High,27.29,2,5,83,20003,0,0.0,Afternoon,2,2,5,0.7151335311572701,42,50,50,0.85,5,27.29
380,89,0,0,318,101,Medium,19.06,0,0,153,58140,2,0.005263157894736842,Evening,1,0,2,1.1949685534591195,-9,0,20,1.68,10,19.06
457,52,0,0,307,143,Medium,20.36,1,2,181,82717,14,0.030634573304157548,Night,1,0,7,1.488599348534202,28,0,70,2.38,10,20.36
267,41,1,0,187,96,Medium,17.46,0,0,198,52866,7,0.026217228464419477,Evening,2,1,13,1.427807486631016,39,0,130,1.6,0,17.46
325,42,1,1,227,110,High,37.69,1,1,192,62400,31,0.09538461538461539,Afternoon,2,2,0,1.4317180616740088,38,50,0,1.83,5,37.69
222,75,1,1,357,128,High,31.37,0,3,190,42180,16,0.07207207207207207,Morning,0,1,14,0.6218487394957983,5,50,140,2.13,0,31.37
269,79,2,0,294,70,Medium,17.99,1,1,130,34970,13,0.048327137546468404,Morning,0,2,12,0.9149659863945578,1,0,120,1.17,5,17.99
241,50,1,0,326,86,Medium,20.91,2,4,179,43139,7,0.029045643153526972,Evening,2,2,10,0.7392638036809815,30,0,100,1.43,5,20.91
317,32,2,0,386,142,Medium,19.01,3,4,182,57694,22,0.0694006309148265,Afternoon,0,2,12,0.8212435233160622,48,0,120,2.37,5,19.01
482,33,0,0,386,106,Medium,19.27,0,4,210,101220,39,0.08091286307053942,Night,2,0,13,1.2487046632124352,47,0,130,1.77,10,19.27
90,31,0,0,304,101,Medium,12.28,2,5,160,14400,8,0.08888888888888889,Night,2,2,15,0.29605263157894735,49,0,150,1.68,5,12.28
115,34,1,0,338,135,Medium,15.93,0,4,185,21275,0,0.0,Evening,1,1,7,0.34023668639053256,46,0,70,2.25,0,15.93
99,81,2,1,189,121,High,28.06,2,5,133,13167,9,0.09090909090909091,Afternoon,0,1,12,0.5238095238095238,-1,50,120,2.02,0,28.06
367,80,0,1,341,129,High,29.31,3,1,162,59454,29,0.07901907356948229,Morning,1,2,15,1.0762463343108504,0,50,150,2.15,5,29.31
468,38,0,1,290,62,Medium,24.25,2,5,87,40716,27,0.057692307692307696,Afternoon,1,1,3,1.6137931034482758,42,50,30,1.03,0,24.25
279,56,1,0,365,141,Medium,21.87,3,2,209,58311,14,0.05017921146953405,Afternoon,2,2,5,0.7643835616438356,24,0,50,2.35,5,21.87
270,55,0,0,398,75,Medium,12.61,2,5,192,51840,10,0.037037037037037035,Evening,2,2,11,0.678391959798995,25,0,110,1.25,5,12.61
280,89,2,0,261,72,Medium,18.34,2,5,119,33320,23,0.08214285714285714,Evening,2,2,3,1.0727969348659003,-9,0,30,1.2,5,18.34
351,54,1,0,271,113,Medium,17.48,2,4,154,54054,1,0.002849002849002849,Morning,0,1,4,1.2952029520295203,26,0,40,1.88,0,17.48
416,78,0,1,301,118,Medium,24.73,2,4,204,84864,22,0.052884615384615384,Afternoon,2,1,4,1.3820598006644518,2,50,40,1.97,0,24.73
408,39,0,0,344,124,Low,9.45,3,2,172,70176,31,0.07598039215686274,Evening,2,1,9,1.186046511627907,41,0,90,2.07,0,9.45
335,71,1,0,305,76,Medium,16.47,3,4,113,37855,17,0.050746268656716415,Night,0,1,9,1.098360655737705,9,0,90,1.27,0,16.47
124,35,0,1,306,125,High,27.9,0,4,180,22320,4,0.03225806451612903,Morning,1,2,8,0.40522875816993464,45,50,80,2.08,5,27.9
477,43,1,1,288,67,High,32.44,2,0,132,62964,28,0.05870020964360587,Night,1,1,2,1.65625,37,50,20,1.12,0,32.44
188,62,0,1,232,70,High,27.79,3,2,171,32148,3,0.015957446808510637,Morning,2,2,13,0.8103448275862069,18,50,130,1.17,5,27.79
90,63,2,1,306,145,High,28.0,2,0,215,19350,8,0.08888888888888889,Evening,2,1,5,0.29411764705882354,17,50,50,2.42,0,28.0
164,35,0,1,382,126,Medium,22.96,3,1,89,14596,7,0.042682926829268296,Morning,0,1,11,0.4293193717277487,45,50,110,2.1,0,22.96
468,46,0,1,163,102,High,32.44,1,2,91,42588,8,0.017094017094017096,Evening,1,2,7,2.871165644171779,34,50,70,1.7,5,32.44
128,46,2,0,277,149,Medium,13.4,2,5,94,12032,5,0.0390625,Night,0,1,6,0.4620938628158845,34,0,60,2.48,0,13.4
213,81,2,1,274,132,High,28.76,1,2,114,24282,0,0.0,Night,2,1,2,0.7773722627737226,-1,50,20,2.2,0,28.76
349,78,1,1,311,131,High,37.42,1,5,164,57236,13,0.03724928366762178,Morning,0,2,6,1.1221864951768488,2,50,60,2.18,5,37.42
343,35,1,0,336,54,Medium,20.94,3,1,179,61397,10,0.029154518950437316,Afternoon,1,2,12,1.0208333333333333,45,0,120,0.9,5,20.94
488,52,1,1,291,87,High,32.81,3,3,195,95160,43,0.08811475409836066,Evening,2,1,14,1.6769759450171822,28,50,140,1.45,0,32.81
477,57,1,0,277,55,Medium,17.36,0,1,118,56286,44,0.09224318658280922,Evening,0,1,13,1.7220216606498195,23,0,130,0.92,0,17.36
385,31,0,0,267,121,Low,9.9,2,1,182,70070,4,0.01038961038961039,Evening,0,1,2,1.4419475655430711,49,0,20,2.02,0,9.9
106,45,1,0,342,54,Medium,24.52,1,3,200,21200,10,0.09433962264150944,Afternoon,2,0,3,0.30994152046783624,35,0,30,0.9,10,24.52
454,90,1,1,211,98,High,38.93,2,5,185,83990,13,0.028634361233480177,Night,2,2,2,2.1516587677725116,-10,50,20,1.63,5,38.93
316,75,2,0,317,62,Medium,18.03,0,1,132,41712,27,0.08544303797468354,Afternoon,1,2,10,0.9968454258675079,5,0,100,1.03,5,18.03
440,49,2,0,302,116,Medium,14.85,2,2,209,91960,18,0.04090909090909091,Afternoon,0,1,10,1.4569536423841059,31,0,100,1.93,0,14.85
445,74,1,1,256,62,High,42.51,1,3,188,83660,27,0.060674157303370786,Afternoon,2,0,12,1.73828125,6,50,120,1.03,10,42.51
293,83,2,0,231,131,Medium,24.72,1,1,104,30472,23,0.07849829351535836,Night,0,0,1,1.2683982683982684,-3,0,10,2.18,10,24.72
157,69,1,1,337,52,High,29.81,0,4,134,21038,5,0.03184713375796178,Evening,0,1,0,0.4658753709198813,11,50,0,0.87,0,29.81
370,75,0,0,203,95,Medium,10.22,0,5,107,39590,9,0.024324324324324326,Evening,2,1,13,1.8226600985221675,5,0,130,1.58,0,10.22
268,48,2,0,229,94,Medium,23.91,1,2,206,55208,22,0.08208955223880597,Morning,2,0,13,1.1703056768558953,32,0,130,1.57,10,23.91
218,31,1,0,367,84,Medium,15.58,2,2,151,32918,17,0.0779816513761468,Evening,2,1,12,0.5940054495912807,49,0,120,1.4,0,15.58
486,79,1,1,346,148,High,38.27,2,0,80,38880,23,0.047325102880658436,Afternoon,2,2,13,1.4046242774566473,1,50,130,2.47,5,38.27
485,59,1,0,348,76,Medium,22.05,2,2,111,53835,40,0.08247422680412371,Night,0,2,14,1.3936781609195403,21,0,140,1.27,5,22.05
308,71,1,1,336,64,High,35.91,1,1,83,25564,26,0.08441558441558442,Morning,1,2,13,0.9166666666666666,9,50,130,1.07,5,35.91
284,56,2,1,275,145,High,34.48,3,2,144,40896,0,0.0,Night,0,2,5,1.0327272727272727,24,50,50,2.42,5,34.48
346,81,1,0,280,83,Medium,21.86,2,2,214,74044,11,0.031791907514450865,Night,0,2,6,1.2357142857142858,-1,0,60,1.38,5,21.86
115,68,1,1,294,51,High,34.63,1,2,103,11845,4,0.034782608695652174,Evening,0,2,0,0.391156462585034,12,50,0,0.85,5,34.63
230,33,1,1,230,82,High,36.37,3,2,210,48300,17,0.07391304347826087,Evening,0,2,13,1.0,47,50,130,1.37,5,36.37
488,50,0,1,152,56,High,37.35,2,0,160,78080,28,0.05737704918032787,Night,2,0,5,3.210526315789474,30,50,50,0.93,10,37.35
441,30,1,1,215,116,High,39.03,3,5,160,70560,1,0.0022675736961451248,Morning,2,2,9,2.0511627906976746,50,50,90,1.93,5,39.03
268,42,2,0,192,129,Medium,24.95,2,5,218,58424,6,0.022388059701492536,Morning,0,0,10,1.3958333333333333,38,0,100,2.15,10,24.95
231,53,1,0,385,82,Medium,15.57,3,0,119,27489,19,0.08225108225108226,Morning,2,1,9,0.6,27,0,90,1.37,0,15.57
428,58,2,0,309,106,Medium,24.55,1,5,109,46652,16,0.037383177570093455,Evening,1,0,1,1.3851132686084142,22,0,10,1.77,10,24.55
99,62,0,0,275,78,Medium,12.02,2,3,209,20691,4,0.04040404040404041,Evening,0,2,10,0.36,18,0,100,1.3,5,12.02
200,30,1,1,281,111,High,36.27,1,1,165,33000,13,0.065,Evening,1,2,14,0.7117437722419929,50,50,140,1.85,5,36.27
309,56,0,0,370,129,Medium,13.83,2,5,164,50676,26,0.08414239482200647,Evening,2,2,13,0.8351351351351352,24,0,130,2.15,5,13.83
104,70,2,0,273,117,Medium,22.71,1,0,209,21736,10,0.09615384615384616,Evening,1,0,12,0.38095238095238093,10,0,120,1.95,10,22.71
273,63,2,1,376,102,High,28.16,1,4,165,45045,5,0.018315018315018316,Night,0,1,7,0.726063829787234,17,50,70,1.7,0,28.16
144,76,2,0,162,77,Medium,18.06,0,0,217,31248,10,0.06944444444444445,Morning,0,2,1,0.8888888888888888,4,0,10,1.28,5,18.06
382,79,0,0,186,53,Low,9.98,1,3,200,76400,10,0.02617801047120419,Afternoon,0,1,6,2.053763440860215,1,0,60,0.88,0,9.98
157,70,1,0,256,101,High,25.9,1,0,160,25120,10,0.06369426751592357,Morning,0,0,5,0.61328125,10,0,50,1.68,10,25.9
50,60,2,1,157,86,High,32.07,1,4,145,7250,3,0.06,Afternoon,0,2,6,0.3184713375796178,20,50,60,1.43,5,32.07
163,42,2,1,237,53,High,37.26,0,0,195,31785,9,0.05521472392638037,Evening,1,0,5,0.6877637130801688,38,50,50,0.88,10,37.26
411,73,2,1,210,83,High,35.3,1,2,178,73158,13,0.031630170316301706,Morning,0,2,14,1.957142857142857,7,50,140,1.38,5,35.3
320,43,2,0,354,145,Medium,24.22,3,4,164,52480,7,0.021875,Afternoon,2,0,15,0.903954802259887,37,0,150,2.42,10,24.22
134,57,2,0,167,105,Medium,13.35,2,3,194,25996,11,0.08208955223880597,Morning,2,1,7,0.8023952095808383,23,0,70,1.75,0,13.35
343,84,2,0,158,120,High,26.34,3,0,142,48706,10,0.029154518950437316,Evening,1,0,2,2.170886075949367,-4,0,20,2.0,10,26.34
421,78,2,0,195,138,Medium,21.62,3,3,207,87147,17,0.040380047505938245,Evening,0,2,5,2.158974358974359,2,0,50,2.3,5,21.62
67,78,0,1,222,86,Medium,22.03,3,3,210,14070,6,0.08955223880597014,Night,1,1,14,0.30180180180180183,2,50,140,1.43,0,22.03
286,35,0,1,235,64,High,33.51,2,1,94,26884,17,0.05944055944055944,Morning,1,0,15,1.2170212765957447,45,50,150,1.07,10,33.51
153,37,2,0,321,120,Medium,12.96,3,0,173,26469,5,0.032679738562091505,Evening,1,1,4,0.4766355140186916,43,0,40,2.0,0,12.96
187,75,2,0,233,82,Medium,17.97,1,0,136,25432,9,0.0481283422459893,Night,1,2,14,0.8025751072961373,5,0,140,1.37,5,17.97
55,80,2,0,284,58,Medium,11.35,2,0,158,8690,4,0.07272727272727272,Morning,1,1,5,0.1936619718309859,0,0,50,0.97,0,11.35
203,50,0,0,292,65,Medium,17.48,3,0,149,30247,20,0.09852216748768473,Night,2,0,13,0.6952054794520548,30,0,130,1.08,10,17.48
319,80,1,0,228,129,Medium,22.95,1,0,127,40513,2,0.006269592476489028,Evening,1,2,0,1.3991228070175439,0,0,0,2.15,5,22.95
197,33,0,1,317,78,High,32.54,1,5,141,27777,0,0.0,Morning,2,0,8,0.6214511041009464,47,50,80,1.3,10,32.54
405,70,2,0,285,124,Medium,19.91,2,5,107,43335,6,0.014814814814814815,Morning,1,2,5,1.4210526315789473,10,0,50,2.07,5,19.91
350,72,0,1,303,63,High,33.37,0,1,119,41650,32,0.09142857142857143,Morning,1,0,3,1.155115511551155,8,50,30,1.05,10,33.37
299,85,0,1,399,139,Medium,23.82,3,5,173,51727,2,0.006688963210702341,Afternoon,2,1,6,0.7493734335839599,-5,50,60,2.32,0,23.82
101,50,2,0,313,51,Medium,11.49,1,5,188,18988,3,0.0297029702970297,Evening,1,1,15,0.3226837060702875,30,0,150,0.85,0,11.49
73,65,1,1,275,114,High,30.44,1,1,193,14089,4,0.0547945205479452,Afternoon,2,1,4,0.26545454545454544,15,50,40,1.9,0,30.44
441,73,1,1,170,71,High,44.36,0,3,156,68796,18,0.04081632653061224,Night,1,0,2,2.5941176470588236,7,50,20,1.18,10,44.36
129,41,0,1,179,81,Medium,22.79,3,1,142,18318,3,0.023255813953488372,Morning,2,1,9,0.7206703910614525,39,50,90,1.35,0,22.79
410,65,1,1,275,109,High,37.8,1,1,94,38540,17,0.041463414634146344,Morning,1,2,3,1.490909090909091,15,50,30,1.82,5,37.8
414,79,1,1,317,95,High,37.2,3,0,146,60444,27,0.06521739130434782,Night,0,2,4,1.3059936908517351,1,50,40,1.58,5,37.2
373,45,1,0,348,121,High,27.16,1,5,136,50728,4,0.010723860589812333,Night,1,0,3,1.0718390804597702,35,0,30,2.02,10,27.16
116,74,2,0,175,127,Medium,18.44,0,4,146,16936,1,0.008620689655172414,Evening,2,2,0,0.6628571428571428,6,0,0,2.12,5,18.44
293,73,1,0,202,68,Medium,22.03,0,5,161,47173,21,0.07167235494880546,Night,1,2,4,1.4504950495049505,7,0,40,1.13,5,22.03
471,80,0,0,180,111,Medium,12.09,2,5,181,85251,16,0.03397027600849257,Evening,1,1,6,2.6166666666666667,0,0,60,1.85,0,12.09
94,55,2,0,158,60,Medium,22.18,2,1,195,18330,2,0.02127659574468085,Evening,0,0,13,0.5949367088607594,25,0,130,1.0,10,22.18
336,55,0,1,310,83,Medium,23.54,0,5,137,46032,9,0.026785714285714284,Afternoon,2,1,15,1.0838709677419356,25,50,150,1.38,0,23.54
477,41,0,1,372,99,High,34.21,2,0,196,93492,18,0.03773584905660377,Morning,0,0,10,1.282258064516129,39,50,100,1.65,10,34.21
299,30,0,1,339,110,Medium,23.59,3,3,186,55614,25,0.08361204013377926,Afternoon,1,1,5,0.8820058997050148,50,50,50,1.83,0,23.59
291,49,0,1,219,55,High,28.58,3,1,151,43941,8,0.027491408934707903,Evening,2,2,11,1.3287671232876712,31,50,110,0.92,5,28.58
349,51,2,0,180,88,Medium,15.35,0,2,144,50256,14,0.04011461318051576,Night,1,1,14,1.9388888888888889,29,0,140,1.47,0,15.35
274,36,2,1,243,135,High,34.51,3,1,106,29044,3,0.010948905109489052,Morning,1,2,3,1.1275720164609053,44,50,30,2.25,5,34.51
90,34,2,0,345,67,Medium,21.64,3,1,143,12870,5,0.05555555555555555,Evening,1,0,11,0.2608695652173913,46,0,110,1.12,10,21.64
362,47,0,0,206,57,Medium,19.47,0,1,219,79278,35,0.09668508287292818,Night,2,0,8,1.7572815533980584,33,0,80,0.95,10,19.47
335,58,0,0,324,91,Medium,13.58,2,0,90,30150,24,0.07164179104477612,Evening,0,2,6,1.0339506172839505,22,0,60,1.52,5,13.58
375,43,2,0,206,118,High,25.61,0,5,126,47250,31,0.08266666666666667,Night,0,0,2,1.8203883495145632,37,0,20,1.97,10,25.61
302,35,1,0,330,149,Medium,22.32,0,3,189,57078,13,0.04304635761589404,Evening,1,2,0,0.9151515151515152,45,0,0,2.48,5,22.32
64,60,2,1,172,50,High,36.57,3,5,126,8064,1,0.015625,Afternoon,2,0,1,0.37209302325581395,20,50,10,0.83,10,36.57
255,47,1,0,349,59,Medium,20.44,1,3,181,46155,17,0.06666666666666667,Night,0,2,8,0.7306590257879656,33,0,80,0.98,5,20.44
440,58,2,1,173,89,High,41.56,2,0,188,82720,16,0.03636363636363636,Evening,1,0,2,2.5433526011560694,22,50,20,1.48,10,41.56
226,57,0,1,319,123,Medium,23.47,1,1,87,19662,2,0.008849557522123894,Afternoon,1,1,8,0.7084639498432602,23,50,80,2.05,0,23.47
479,67,2,1,239,61,High,30.02,1,0,156,74724,36,0.07515657620041753,Night,2,1,5,2.00418410041841,13,50,50,1.02,0,30.02
454,49,1,1,333,127,High,42.84,3,5,195,88530,40,0.0881057268722467,Afternoon,1,0,1,1.3633633633633633,31,50,10,2.12,10,42.84
270,41,0,1,197,100,Medium,24.41,2,5,213,57510,11,0.040740740740740744,Afternoon,1,1,8,1.3705583756345177,39,50,80,1.67,0,24.41
327,39,0,0,193,103,Medium,15.1,0,0,89,29103,30,0.09174311926605505,Evening,1,2,11,1.694300518134715,41,0,110,1.72,5,15.1
128,82,1,1,255,147,High,36.45,2,0,192,24576,11,0.0859375,Night,1,2,5,0.5019607843137255,-2,50,50,2.45,5,36.45
490,64,1,0,245,132,Medium,19.2,0,2,123,60270,22,0.044897959183673466,Night,0,1,15,2.0,16,0,150,2.2,0,19.2
500,38,2,0,206,149,High,27.34,1,2,216,108000,20,0.04,Afternoon,1,0,8,2.4271844660194173,42,0,80,2.48,10,27.34
359,33,1,1,260,82,High,32.13,0,3,136,48824,6,0.016713091922005572,Night,0,1,2,1.3807692307692307,47,50,20,1.37,0,32.13
208,67,0,0,355,127,Medium,13.3,2,2,195,40560,3,0.014423076923076924,Afternoon,0,2,15,0.5859154929577465,13,0,150,2.12,5,13.3
266,57,0,1,177,149,High,30.48,3,1,171,45486,21,0.07894736842105263,Night,2,2,2,1.502824858757062,23,50,20,2.48,5,30.48
144,76,2,0,304,130,Medium,13.11,0,3,126,18144,0,0.0,Morning,1,1,6,0.47368421052631576,4,0,60,2.17,0,13.11
452,59,0,1,262,126,High,30.56,1,0,165,74580,10,0.022123893805309734,Morning,2,2,7,1.7251908396946565,21,50,70,2.1,5,30.56
317,35,1,1,356,135,High,37.03,3,1,182,57694,4,0.012618296529968454,Night,0,2,0,0.8904494382022472,45,50,0,2.25,5,37.03
381,51,0,0,201,82,Medium,15.17,3,2,111,42291,26,0.06824146981627296,Afternoon,2,2,1,1.8955223880597014,29,0,10,1.37,5,15.17
326,41,1,1,170,104,High,33.57,0,2,126,41076,1,0.003067484662576687,Evening,1,1,9,1.9176470588235295,39,50,90,1.73,0,33.57
209,53,1,0,235,147,Medium,22.23,2,0,142,29678,7,0.03349282296650718,Afternoon,2,2,10,0.8893617021276595,27,0,100,2.45,5,22.23
487,44,0,1,379,105,High,29.31,0,0,185,90095,43,0.08829568788501027,Morning,1,2,0,1.2849604221635884,36,50,0,1.75,5,29.31
226,79,0,0,272,73,Medium,12.88,2,5,139,31414,11,0.048672566371681415,Afternoon,0,2,15,0.8308823529411765,1,0,150,1.22,5,12.88
367,82,1,0,224,135,High,28.53,3,1,165,60555,13,0.035422343324250684,Morning,0,0,11,1.6383928571428572,-2,0,110,2.25,10,28.53
430,71,0,1,387,114,High,29.12,3,2,165,70950,16,0.037209302325581395,Night,1,2,2,1.1111111111111112,9,50,20,1.9,5,29.12
480,61,0,0,299,61,Low,9.24,1,5,210,100800,35,0.07291666666666667,Night,0,1,9,1.605351170568562,19,0,90,1.02,0,9.24
405,38,1,0,203,82,Medium,23.37,2,3,134,54270,13,0.03209876543209877,Morning,1,2,3,1.9950738916256157,42,0,30,1.37,5,23.37
135,35,0,0,171,57,Medium,12.53,3,2,96,12960,2,0.014814814814814815,Morning,2,2,4,0.7894736842105263,45,0,40,0.95,5,12.53
359,57,2,1,380,108,High,38.68,1,1,133,47747,18,0.05013927576601671,Night,2,0,8,0.9447368421052632,23,50,80,1.8,10,38.68
341,33,0,0,380,67,Medium,12.92,3,0,134,45694,19,0.05571847507331378,Afternoon,2,2,6,0.8973684210526316,47,0,60,1.12,5,12.92
246,87,1,0,216,70,Medium,21.45,2,5,112,27552,8,0.032520325203252036,Afternoon,1,2,5,1.1388888888888888,-7,0,50,1.17,5,21.45
397,73,0,0,157,114,Medium,11.96,0,5,182,72254,22,0.055415617128463476,Morning,2,1,1,2.5286624203821657,7,0,10,1.9,0,11.96
214,37,2,1,306,113,High,28.28,2,0,110,23540,10,0.04672897196261682,Morning,0,1,4,0.6993464052287581,43,50,40,1.88,0,28.28
413,62,1,1,305,63,High,41.75,1,0,199,82187,31,0.07506053268765134,Evening,1,0,8,1.3540983606557377,18,50,80,1.05,10,41.75
333,68,1,0,274,137,Medium,17.72,3,4,216,71928,15,0.04504504504504504,Evening,1,1,3,1.2153284671532847,12,0,30,2.28,0,17.72
391,50,1,0,392,137,Medium,22.28,3,4,168,65688,29,0.0741687979539642,Afternoon,2,2,8,0.9974489795918368,30,0,80,2.28,5,22.28
318,67,2,0,259,101,Medium,19.14,3,4,181,57558,9,0.02830188679245283,Afternoon,1,2,7,1.2277992277992278,13,0,70,1.68,5,19.14
406,72,2,1,186,60,High,40.36,2,1,111,45066,5,0.012315270935960592,Night,2,0,7,2.182795698924731,8,50,70,1.0,10,40.36
89,59,0,0,199,150,Medium,18.4,2,0,132,11748,6,0.06741573033707865,Morning,0,0,12,0.4472361809045226,21,0,120,2.5,10,18.4
331,64,2,1,256,126,High,34.68,0,4,198,65538,11,0.03323262839879154,Evening,0,2,12,1.29296875,16,50,120,2.1,5,34.68
54,52,2,1,286,143,High,27.76,3,2,204,11016,5,0.09259259259259259,Evening,1,1,2,0.1888111888111888,28,50,20,2.38,0,27.76
123,45,2,1,209,121,High,33.2,0,4,144,17712,7,0.056910569105691054,Night,0,2,4,0.5885167464114832,35,50,40,2.02,5,33.2
270,31,1,1,187,98,High,32.51,2,2,99,26730,8,0.02962962962962963,Afternoon,2,1,13,1.4438502673796791,49,50,130,1.63,0,32.51
116,36,1,1,316,90,High,30.24,2,2,113,13108,11,0.09482758620689655,Morning,2,1,2,0.3670886075949367,44,50,20,1.5,0,30.24
269,44,1,0,373,93,High,25.99,3,2,83,22327,20,0.07434944237918216,Evening,0,0,14,0.7211796246648794,36,0,140,1.55,10,25.99
402,72,1,1,198,51,High,42.91,0,0,106,42612,30,0.07462686567164178,Evening,1,0,15,2.0303030303030303,8,50,150,0.85,10,42.91
257,43,0,0,301,138,Medium,14.0,0,0,149,38293,23,0.08949416342412451,Afternoon,0,2,14,0.8538205980066446,37,0,140,2.3,5,14.0
98,79,2,1,313,98,High,27.25,3,3,103,10094,3,0.030612244897959183,Morning,0,1,13,0.31309904153354634,1,50,130,1.63,0,27.25
375,73,0,0,281,52,Low,8.53,0,1,102,38250,31,0.08266666666666667,Afternoon,2,1,4,1.3345195729537367,7,0,40,0.87,0,8.53
474,73,0,0,235,79,Medium,10.36,1,2,200,94800,1,0.002109704641350211,Night,0,1,7,2.0170212765957447,7,0,70,1.32,0,10.36
320,85,2,1,215,76,High,34.25,0,0,218,69760,4,0.0125,Afternoon,1,2,10,1.4883720930232558,-5,50,100,1.27,5,34.25
131,82,1,1,244,121,High,41.1,3,1,87,11397,2,0.015267175572519083,Evening,0,0,8,0.5368852459016393,-2,50,80,2.02,10,41.1
248,60,0,1,167,50,High,28.81,3,3,207,51336,24,0.0967741935483871,Morning,0,2,6,1.4850299401197604,20,50,60,0.83,5,28.81
396,65,2,1,343,147,High,29.75,1,0,191,75636,36,0.09090909090909091,Evening,0,1,6,1.154518950437318,15,50,60,2.45,0,29.75
214,39,0,1,363,104,High,32.91,3,4,187,40018,0,0.0,Night,0,0,3,0.5895316804407713,41,50,30,1.73,10,32.91
419,52,2,0,328,149,Medium,15.04,0,2,210,87990,13,0.031026252983293555,Afternoon,1,1,3,1.2774390243902438,28,0,30,2.48,0,15.04
473,31,2,0,225,117,Medium,16.15,2,1,194,91762,30,0.06342494714587738,Night,2,1,2,2.102222222222222,49,0,20,1.95,0,16.15
94,63,0,1,324,59,High,31.56,3,0,129,12126,7,0.07446808510638298,Evening,0,0,15,0.29012345679012347,17,50,150,0.98,10,31.56
369,31,1,0,208,99,Medium,18.19,0,0,153,56457,7,0.018970189701897018,Night,0,1,7,1.7740384615384615,49,0,70,1.65,0,18.19
133,66,1,0,178,134,High,26.73,2,2,86,11438,6,0.045112781954887216,Morning,2,0,11,0.7471910112359551,14,0,110,2.23,10,26.73
218,72,2,0,203,141,Medium,14.49,3,2,114,24852,14,0.06422018348623854,Afternoon,2,1,15,1.0738916256157636,8,0,150,2.35,0,14.49
120,48,2,1,232,144,High,28.44,1,0,127,15240,9,0.075,Night,0,1,7,0.5172413793103449,32,50,70,2.4,0,28.44
86,38,2,0,327,54,Medium,16.42,2,5,82,7052,7,0.08139534883720931,Afternoon,0,2,7,0.26299694189602446,42,0,70,0.9,5,16.42
98,40,2,0,366,53,Medium,16.42,1,0,81,7938,5,0.05102040816326531,Night,2,2,8,0.2677595628415301,40,0,80,0.88,5,16.42
450,38,0,1,336,64,Medium,23.75,1,1,188,84600,30,0.06666666666666667,Evening,2,1,10,1.3392857142857142,42,50,100,1.07,0,23.75
87,86,0,0,389,132,Low,7.64,1,3,142,12354,0,0.0,Evening,2,1,12,0.2236503856041131,-6,0,120,2.2,0,7.64
125,47,2,0,359,97,Medium,17.32,2,2,192,24000,10,0.08,Morning,2,2,11,0.34818941504178275,33,0,110,1.62,5,17.32
472,46,2,1,333,123,High,29.89,3,5,141,66552,43,0.09110169491525423,Morning,0,1,13,1.4174174174174174,34,50,130,2.05,0,29.89
289,61,2,0,236,130,Medium,19.61,3,4,149,43061,12,0.04152249134948097,Night,1,2,5,1.2245762711864407,19,0,50,2.17,5,19.61
145,85,0,1,390,116,Medium,22.67,0,0,86,12470,9,0.06206896551724138,Afternoon,1,1,7,0.3717948717948718,-5,50,70,1.93,0,22.67
384,68,1,0,222,95,Medium,18.04,2,3,145,55680,10,0.026041666666666668,Evening,2,1,15,1.7297297297297298,12,0,150,1.58,0,18.04
131,68,0,1,321,105,Medium,22.57,1,5,138,18078,10,0.07633587786259542,Night,1,1,4,0.40809968847352024,12,50,40,1.75,0,22.57
174,40,1,0,211,94,Medium,16.21,3,1,140,24360,8,0.04597701149425287,Evening,2,1,1,0.8246445497630331,40,0,10,1.57,0,16.21
270,62,1,1,374,72,High,40.64,0,0,179,48330,1,0.003703703703703704,Night,2,0,1,0.7219251336898396,18,50,10,1.2,10,40.64
440,72,1,1,265,120,High,43.32,3,2,155,68200,9,0.020454545454545454,Night,2,0,9,1.6603773584905661,8,50,90,2.0,10,43.32
448,49,1,0,189,119,Medium,19.72,3,0,194,86912,28,0.0625,Morning,0,1,8,2.3703703703703702,31,0,80,1.98,0,19.72
218,36,1,1,359,59,High,30.2,2,1,93,20274,1,0.0045871559633027525,Morning,2,1,14,0.6072423398328691,44,50,140,0.98,0,30.2
340,83,1,0,232,52,Medium,16.81,2,2,162,55080,0,0.0,Morning,1,1,7,1.4655172413793103,-3,0,70,0.87,0,16.81
428,41,1,0,277,133,Medium,18.32,2,1,176,75328,37,0.08644859813084112,Evening,0,1,8,1.5451263537906137,39,0,80,2.22,0,18.32
135,34,2,1,215,74,High,37.49,3,2,81,10935,7,0.05185185185185185,Evening,2,0,11,0.627906976744186,46,50,110,1.23,10,37.49
348,47,2,1,271,72,High,33.76,3,3,90,31320,29,0.08333333333333333,Night,0,2,14,1.2841328413284132,33,50,140,1.2,5,33.76
173,60,1,0,184,87,High,26.33,1,3,164,28372,11,0.06358381502890173,Morning,0,0,10,0.9402173913043478,20,0,100,1.45,10,26.33
70,39,0,0,254,103,Low,7.28,1,0,116,8120,7,0.1,Morning,0,1,3,0.2755905511811024,41,0,30,1.72,0,7.28
477,35,1,1,396,76,High,36.67,1,0,214,102078,16,0.033542976939203356,Afternoon,1,2,11,1.2045454545454546,45,50,110,1.27,5,36.67
409,44,1,0,388,107,Medium,16.88,2,0,108,44172,18,0.044009779951100246,Night,0,1,7,1.0541237113402062,36,0,70,1.78,0,16.88
259,40,0,1,193,148,High,35.15,2,5,149,38591,13,0.05019305019305019,Afternoon,1,0,4,1.3419689119170986,40,50,40,2.47,10,35.15
226,76,2,1,259,111,High,38.59,2,1,88,19888,0,0.0,Evening,0,0,1,0.8725868725868726,4,50,10,1.85,10,38.59
256,81,1,0,154,51,High,27.17,0,0,80,20480,15,0.05859375,Night,0,0,5,1.6623376623376624,-1,0,50,0.85,10,27.17
316,51,2,1,382,93,High,28.21,2,0,166,52456,19,0.060126582278481014,Morning,2,1,2,0.8272251308900523,29,50,20,1.55,0,28.21
406,67,2,1,156,123,High,37.25,3,4,165,66990,37,0.09113300492610837,Afternoon,2,2,7,2.6025641025641026,13,50,70,2.05,5,37.25
308,58,1,1,346,110,High,41.61,1,0,100,30800,26,0.08441558441558442,Evening,2,0,9,0.8901734104046243,22,50,90,1.83,10,41.61
207,68,1,0,289,59,Medium,15.42,3,1,196,40572,17,0.0821256038647343,Night,1,1,9,0.7162629757785467,12,0,90,0.98,0,15.42
98,62,2,0,200,112,Medium,22.85,3,0,127,12446,9,0.09183673469387756,Morning,0,0,14,0.49,18,0,140,1.87,10,22.85
448,45,2,1,303,133,High,40.18,3,0,165,73920,41,0.09151785714285714,Morning,0,0,4,1.4785478547854785,35,50,40,2.22,10,40.18
361,56,2,1,357,90,High,28.52,1,0,104,37544,17,0.04709141274238227,Afternoon,1,1,13,1.011204481792717,24,50,130,1.5,0,28.52
189,83,0,1,369,79,High,27.34,3,5,200,37800,3,0.015873015873015872,Morning,1,2,2,0.5121951219512195,-3,50,20,1.32,5,27.34
323,52,0,1,167,72,High,30.06,2,2,201,64923,18,0.05572755417956656,Evening,1,2,14,1.9341317365269461,28,50,140,1.2,5,30.06
218,32,2,0,314,86,Medium,22.81,3,3,106,23108,13,0.05963302752293578,Night,1,0,12,0.6942675159235668,48,0,120,1.43,10,22.81
174,71,0,0,203,131,Low,8.9,2,5,201,34974,0,0.0,Evening,1,1,9,0.8571428571428571,9,0,90,2.18,0,8.9
383,47,2,0,179,106,Medium,16.05,1,3,185,70855,8,0.020887728459530026,Afternoon,2,1,4,2.1396648044692737,33,0,40,1.77,0,16.05
387,53,1,1,227,85,High,32.82,3,2,118,45666,1,0.002583979328165375,Night,2,1,7,1.7048458149779735,27,50,70,1.42,0,32.82
141,43,0,1,284,109,Medium,22.82,0,2,176,24816,11,0.07801418439716312,Afternoon,0,1,1,0.4964788732394366,37,50,10,1.82,0,22.82
75,70,0,0,167,95,Medium,17.48,0,2,199,14925,2,0.02666666666666667,Morning,2,0,4,0.4491017964071856,10,0,40,1.58,10,17.48
385,51,2,0,190,141,Medium,21.41,0,3,187,71995,29,0.07532467532467532,Evening,0,2,13,2.026315789473684,29,0,130,2.35,5,21.41
232,36,2,0,262,51,Medium,17.63,3,2,96,22272,12,0.05172413793103448,Morning,2,2,5,0.8854961832061069,44,0,50,0.85,5,17.63
169,32,2,0,151,105,Medium,13.99,2,0,153,25857,11,0.0650887573964497,Night,2,1,8,1.119205298013245,48,0,80,1.75,0,13.99
284,46,1,1,233,59,High,41.42,3,2,203,57652,24,0.08450704225352113,Evening,2,0,14,1.2188841201716738,34,50,140,0.98,10,41.42
311,41,1,0,285,80,Medium,21.51,1,4,86,26746,31,0.09967845659163987,Afternoon,2,2,12,1.0912280701754387,39,0,120,1.33,5,21.51
207,32,0,1,356,141,Medium,23.51,1,5,197,40779,1,0.004830917874396135,Morning,2,1,5,0.5814606741573034,48,50,50,2.35,0,23.51
85,54,0,0,372,97,Medium,12.08,2,4,125,10625,4,0.047058823529411764,Evening,0,2,5,0.22849462365591397,26,0,50,1.62,5,12.08
247,60,1,0,306,67,Medium,20.74,1,4,145,35815,19,0.07692307692307693,Morning,2,2,3,0.8071895424836601,20,0,30,1.12,5,20.74
308,76,0,1,278,102,Medium,23.92,3,5,135,41580,20,0.06493506493506493,Morning,2,1,3,1.1079136690647482,4,50,30,1.7,0,23.92
223,38,2,0,267,109,Medium,23.5,3,3,92,20516,20,0.08968609865470852,Night,1,0,6,0.8352059925093633,42,0,60,1.82,10,23.5
104,47,2,1,254,115,High,37.74,3,5,153,15912,4,0.038461538461538464,Morning,2,0,1,0.4094488188976378,33,50,10,1.92,10,37.74
463,49,2,1,296,95,High,39.7,2,0,212,98156,45,0.09719222462203024,Night,2,0,12,1.5641891891891893,31,50,120,1.58,10,39.7
144,72,1,1,364,65,High,34.88,0,1,159,22896,0,0.0,Night,2,2,7,0.3956043956043956,8,50,70,1.08,5,34.88
166,41,0,0,386,55,Low,6.78,3,5,158,26228,2,0.012048192771084338,Evening,1,1,4,0.43005181347150256,39,0,40,0.92,0,6.78
225,63,1,0,381,98,Medium,15.81,2,4,205,46125,19,0.08444444444444445,Morning,0,1,15,0.5905511811023622,17,0,150,1.63,0,15.81
166,35,2,1,369,63,High,26.95,3,5,104,17264,15,0.09036144578313253,Afternoon,1,1,3,0.44986449864498645,45,50,30,1.05,0,26.95
255,49,0,0,365,140,Low,8.73,1,1,143,36465,17,0.06666666666666667,Afternoon,0,1,6,0.6986301369863014,31,0,60,2.33,0,8.73
142,33,0,0,380,67,Medium,11.86,3,5,208,29536,12,0.08450704225352113,Morning,0,2,10,0.3736842105263158,47,0,100,1.12,5,11.86
308,62,1,0,283,82,Medium,21.55,2,2,130,40040,17,0.05519480519480519,Afternoon,2,2,6,1.088339222614841,18,0,60,1.37,5,21.55
299,49,1,1,213,84,High,32.2,1,0,219,65481,20,0.06688963210702341,Afternoon,2,1,15,1.403755868544601,31,50,150,1.4,0,32.2
385,80,1,1,189,67,High,43.2,1,2,156,60060,5,0.012987012987012988,Evening,2,0,1,2.037037037037037,0,50,10,1.12,10,43.2
127,55,1,0,239,125,Medium,21.14,1,4,164,20828,8,0.06299212598425197,Morning,2,2,6,0.5313807531380753,25,0,60,2.08,5,21.14
133,51,2,1,326,103,High,32.54,0,5,146,19418,4,0.03007518796992481,Morning,1,2,10,0.40797546012269936,29,50,100,1.72,5,32.54
176,86,2,0,171,141,Medium,14.41,3,1,97,17072,10,0.056818181818181816,Evening,2,1,7,1.0292397660818713,-6,0,70,2.35,0,14.41
332,86,0,0,235,69,Medium,18.97,2,1,142,47144,9,0.02710843373493976,Night,2,0,10,1.4127659574468086,-6,0,100,1.15,10,18.97
312,84,2,0,235,80,Medium,23.99,3,5,100,31200,9,0.028846153846153848,Morning,1,0,9,1.327659574468085,-4,0,90,1.33,10,23.99
483,83,0,1,154,93,High,32.83,2,1,154,74382,8,0.016563146997929608,Morning,1,2,2,3.1363636363636362,-3,50,20,1.55,5,32.83
459,63,2,1,330,140,High,30.11,2,3,98,44982,13,0.02832244008714597,Afternoon,2,1,15,1.3909090909090909,17,50,150,2.33,0,30.11
330,83,0,0,291,89,Medium,18.74,0,2,103,33990,33,0.1,Night,1,0,10,1.134020618556701,-3,0,100,1.48,10,18.74
182,57,1,1,370,88,High,35.45,0,0,203,36946,4,0.02197802197802198,Afternoon,0,2,14,0.4918918918918919,23,50,140,1.47,5,35.45
444,78,1,0,307,115,Medium,17.82,1,3,202,89688,38,0.08558558558558559,Morning,0,1,13,1.4462540716612378,2,0,130,1.92,0,17.82
368,57,1,1,331,146,High,42.65,3,2,176,64768,4,0.010869565217391304,Morning,1,0,5,1.1117824773413898,23,50,50,2.43,10,42.65
71,64,0,1,292,74,High,26.71,0,0,200,14200,7,0.09859154929577464,Morning,1,2,1,0.24315068493150685,16,50,10,1.23,5,26.71
154,52,2,0,193,132,Medium,13.8,2,1,162,24948,8,0.05194805194805195,Night,0,1,6,0.7979274611398963,28,0,60,2.2,0,13.8
410,48,1,1,222,91,High,33.22,2,4,111,45510,38,0.09268292682926829,Afternoon,1,1,15,1.8468468468468469,32,50,150,1.52,0,33.22
444,34,1,0,315,99,Medium,22.47,3,0,116,51504,5,0.01126126126126126,Afternoon,0,2,12,1.4095238095238096,46,0,120,1.65,5,22.47
438,49,0,0,369,129,Medium,19.53,3,0,133,58254,30,0.0684931506849315,Night,0,0,8,1.1869918699186992,31,0,80,2.15,10,19.53
296,39,1,0,364,87,Medium,21.07,3,2,216,63936,15,0.05067567567567568,Afternoon,1,2,15,0.8131868131868132,41,0,150,1.45,5,21.07
246,71,0,0,397,138,Medium,18.54,0,4,180,44280,2,0.008130081300813009,Night,0,0,11,0.6196473551637279,9,0,110,2.3,10,18.54
244,36,0,0,286,140,Medium,19.03,2,5,128,31232,0,0.0,Evening,2,0,6,0.8531468531468531,44,0,60,2.33,10,19.03
179,33,0,0,190,74,Low,8.11,3,4,94,16826,9,0.05027932960893855,Afternoon,2,1,11,0.9421052631578948,47,0,110,1.23,0,8.11
148,76,1,1,216,148,High,31.85,3,1,104,15392,9,0.060810810810810814,Afternoon,1,1,6,0.6851851851851852,4,50,60,2.47,0,31.85
362,76,1,1,395,105,High,36.59,2,0,197,71314,30,0.08287292817679558,Night,0,2,2,0.9164556962025316,4,50,20,1.75,5,36.59
469,39,2,0,201,141,Medium,22.01,0,3,125,58625,38,0.08102345415778252,Night,0,2,3,2.3333333333333335,41,0,30,2.35,5,22.01
207,39,0,1,288,97,Medium,23.06,0,5,138,28566,5,0.024154589371980676,Evening,1,1,2,0.71875,41,50,20,1.62,0,23.06
395,61,0,1,342,94,High,33.87,3,5,133,52535,29,0.07341772151898734,Morning,0,0,6,1.154970760233918,19,50,60,1.57,10,33.87
488,78,1,0,367,95,Medium,17.24,0,0,89,43432,43,0.08811475409836066,Night,0,1,12,1.3297002724795641,2,0,120,1.58,0,17.24
354,51,1,0,150,130,High,29.89,0,1,193,68322,6,0.01694915254237288,Evening,2,0,10,2.36,29,0,100,2.17,10,29.89
73,82,2,1,381,67,High,26.5,2,4,207,15111,7,0.0958904109589041,Evening,1,1,15,0.19160104986876642,-2,50,150,1.12,0,26.5
110,42,0,0,367,58,Low,6.57,1,0,172,18920,8,0.07272727272727272,Afternoon,0,1,4,0.2997275204359673,38,0,40,0.97,0,6.57
234,61,1,0,370,57,Medium,15.21,0,4,209,48906,1,0.004273504273504274,Morning,2,1,9,0.6324324324324324,19,0,90,0.95,0,15.21
346,79,2,1,277,119,High,34.48,0,3,108,37368,33,0.0953757225433526,Evening,0,2,11,1.2490974729241877,1,50,110,1.98,5,34.48
340,80,1,1,371,116,High,41.77,0,3,218,74120,14,0.041176470588235294,Evening,1,0,8,0.9164420485175202,0,50,80,1.93,10,41.77
161,48,0,1,386,78,High,32.14,1,3,155,24955,1,0.006211180124223602,Evening,2,0,13,0.4170984455958549,32,50,130,1.3,10,32.14
457,63,2,1,368,83,High,33.86,2,2,195,89115,24,0.0525164113785558,Morning,2,2,8,1.2418478260869565,17,50,80,1.38,5,33.86
68,44,1,0,211,106,Medium,20.41,2,2,132,8976,2,0.029411764705882353,Morning,0,2,3,0.3222748815165877,36,0,30,1.77,5,20.41
97,90,2,1,384,108,High,32.3,1,4,176,17072,7,0.07216494845360824,Afternoon,2,2,13,0.2526041666666667,-10,50,130,1.8,5,32.3
306,38,0,1,189,81,Medium,24.59,1,2,88,26928,22,0.0718954248366013,Morning,2,1,2,1.619047619047619,42,50,20,1.35,0,24.59
190,86,2,0,231,116,Medium,18.57,0,3,182,34580,13,0.06842105263157895,Night,1,2,2,0.8225108225108225,-6,0,20,1.93,5,18.57
336,37,2,0,377,80,Medium,13.11,3,4,205,68880,12,0.03571428571428571,Evening,1,1,3,0.8912466843501327,43,0,30,1.33,0,13.11
151,37,1,1,293,123,High,36.09,3,0,92,13892,7,0.046357615894039736,Morning,2,2,11,0.515358361774744,43,50,110,2.05,5,36.09
299,66,1,1,396,95,High,31.1,3,4,109,32591,20,0.06688963210702341,Night,1,1,0,0.7550505050505051,14,50,0,1.58,0,31.1
255,77,2,0,330,104,Medium,23.27,2,2,204,52020,23,0.09019607843137255,Evening,2,0,8,0.7727272727272727,3,0,80,1.73,10,23.27
302,80,1,1,376,144,High,32.0,3,0,86,25972,18,0.059602649006622516,Evening,2,1,15,0.8031914893617021,0,50,150,2.4,0,32.0
137,50,2,1,235,94,High,32.73,3,5,140,19180,5,0.0364963503649635,Night,0,2,8,0.5829787234042553,30,50,80,1.57,5,32.73
367,60,2,1,398,83,High,33.22,0,0,135,49545,26,0.07084468664850137,Night,0,2,15,0.9221105527638191,20,50,150,1.38,5,33.22
129,64,2,0,201,94,Medium,22.85,0,1,87,11223,6,0.046511627906976744,Night,1,0,10,0.6417910447761194,16,0,100,1.57,10,22.85
271,68,0,0,386,58,Medium,12.37,0,0,180,48780,10,0.03690036900369004,Morning,1,2,0,0.7020725388601037,12,0,0,0.97,5,12.37
310,30,0,1,257,59,Medium,23.4,1,5,91,28210,28,0.09032258064516129,Evening,0,1,2,1.206225680933852,50,50,20,0.98,0,23.4
347,49,1,0,201,70,Medium,22.63,0,1,171,59337,15,0.043227665706051875,Afternoon,1,2,13,1.7263681592039801,31,0,130,1.17,5,22.63
344,64,2,0,311,71,Medium,18.4,2,5,97,33368,34,0.09883720930232558,Evening,2,2,2,1.1061093247588425,16,0,20,1.18,5,18.4
118,51,1,0,400,142,Medium,15.95,0,2,90,10620,9,0.07627118644067797,Afternoon,2,1,14,0.295,29,0,140,2.37,0,15.95
174,77,2,1,197,134,High,28.99,1,4,203,35322,15,0.08620689655172414,Afternoon,2,1,0,0.883248730964467,3,50,0,2.23,0,28.99
438,68,1,1,356,106,High,32.23,3,1,152,66576,40,0.091324200913242,Night,2,1,11,1.2303370786516854,12,50,110,1.77,0,32.23
249,67,2,1,201,130,High,29.65,3,5,155,38595,23,0.09236947791164658,Afternoon,2,1,2,1.2388059701492538,13,50,20,2.17,0,29.65
161,51,2,1,238,90,High,27.86,0,0,127,20447,4,0.024844720496894408,Night,2,1,7,0.6764705882352942,29,50,70,1.5,0,27.86
154,48,0,1,385,65,High,26.88,0,2,98,15092,14,0.09090909090909091,Afternoon,1,2,8,0.4,32,50,80,1.08,5,26.88
97,37,0,0,364,140,Medium,12.87,3,1,188,18236,1,0.010309278350515464,Afternoon,0,2,3,0.2664835164835165,43,0,30,2.33,5,12.87
220,86,1,0,390,51,Medium,14.97,2,4,202,44440,6,0.02727272727272727,Evening,2,1,14,0.5641025641025641,-6,0,140,0.85,0,14.97
472,61,1,0,395,55,High,26.3,3,5,84,39648,9,0.019067796610169493,Night,0,0,8,1.1949367088607594,19,0,80,0.92,10,26.3
282,65,1,0,353,54,Medium,20.5,3,0,165,46530,19,0.0673758865248227,Morning,1,2,11,0.7988668555240793,15,0,110,0.9,5,20.5
171,53,0,1,244,117,High,33.35,3,3,152,25992,11,0.06432748538011696,Night,0,0,11,0.7008196721311475,27,50,110,1.95,10,33.35
459,87,2,1,364,61,High,38.54,0,3,96,44064,6,0.013071895424836602,Night,0,0,1,1.260989010989011,-7,50,10,1.02,10,38.54
63,73,0,1,183,130,High,27.85,0,2,82,5166,1,0.015873015873015872,Morning,0,2,5,0.3442622950819672,7,50,50,2.17,5,27.85
272,55,0,1,243,85,Medium,23.66,2,4,140,38080,23,0.08455882352941177,Morning,1,1,2,1.1193415637860082,25,50,20,1.42,0,23.66
325,80,0,1,218,120,High,34.98,0,5,130,42250,17,0.052307692307692305,Evening,0,0,4,1.4908256880733946,0,50,40,2.0,10,34.98
500,69,2,0,374,79,Medium,19.0,1,2,83,41500,24,0.048,Morning,2,2,1,1.3368983957219251,11,0,10,1.32,5,19.0
450,71,2,1,260,57,High,34.41,3,3,167,75150,4,0.008888888888888889,Morning,1,2,5,1.7307692307692308,9,50,50,0.95,5,34.41
76,79,0,0,277,105,Medium,17.29,3,1,168,12768,6,0.07894736842105263,Evening,0,0,4,0.2743682310469314,1,0,40,1.75,10,17.29
381,60,1,1,346,112,High,32.07,3,5,126,48006,27,0.07086614173228346,Afternoon,1,1,8,1.1011560693641618,20,50,80,1.87,0,32.07
313,60,1,0,367,113,Medium,16.58,3,4,164,51332,16,0.051118210862619806,Morning,1,1,3,0.8528610354223434,20,0,30,1.88,0,16.58
188,68,1,0,322,61,Medium,15.18,3,1,147,27636,14,0.07446808510638298,Afternoon,0,1,6,0.5838509316770186,12,0,60,1.02,0,15.18
183,37,2,0,187,74,Medium,18.19,1,1,156,28548,13,0.07103825136612021,Afternoon,1,2,15,0.9786096256684492,43,0,150,1.23,5,18.19
302,77,1,0,183,134,High,28.53,1,4,97,29294,0,0.0,Evening,1,0,7,1.650273224043716,3,0,70,2.23,10,28.53
399,78,2,0,165,110,Medium,16.67,3,1,103,41097,31,0.07769423558897243,Night,2,1,10,2.418181818181818,2,0,100,1.83,0,16.67
460,63,1,0,347,99,Medium,22.31,2,0,117,53820,43,0.09347826086956522,Morning,2,2,5,1.3256484149855907,17,0,50,1.65,5,22.31
329,65,1,1,165,108,High,33.78,3,0,92,30268,16,0.0486322188449848,Morning,2,1,6,1.993939393939394,15,50,60,1.8,0,33.78
218,42,0,0,190,99,Low,8.95,0,4,100,21800,10,0.045871559633027525,Morning,2,1,15,1.1473684210526316,38,0,150,1.65,0,8.95
448,65,0,1,356,58,Medium,23.49,0,0,115,51520,10,0.022321428571428572,Afternoon,0,1,1,1.2584269662921348,15,50,10,0.97,0,23.49
273,82,2,1,157,111,High,30.33,2,0,192,52416,14,0.05128205128205128,Night,0,1,13,1.7388535031847134,-2,50,130,1.85,0,30.33
362,54,1,0,348,86,Medium,16.51,3,5,129,46698,30,0.08287292817679558,Morning,0,1,11,1.0402298850574712,26,0,110,1.43,0,16.51
307,73,1,0,318,88,Medium,21.41,2,1,164,50348,29,0.09446254071661238,Night,2,2,11,0.9654088050314465,7,0,110,1.47,5,21.41
275,87,2,1,234,88,High,28.83,0,0,121,33275,7,0.025454545454545455,Morning,1,1,7,1.1752136752136753,-7,50,70,1.47,0,28.83
167,45,0,0,205,144,Medium,19.02,0,2,123,20541,3,0.017964071856287425,Evening,2,0,6,0.8146341463414634,35,0,60,2.4,10,19.02
374,63,0,0,386,134,Low,9.17,0,2,193,72182,15,0.040106951871657755,Morning,0,1,13,0.9689119170984456,17,0,130,2.23,0,9.17
345,72,0,0,334,70,Medium,18.23,2,5,101,34845,27,0.0782608695652174,Night,0,0,5,1.032934131736527,8,0,50,1.17,10,18.23
395,71,0,0,326,91,Medium,18.94,3,2,106,41870,19,0.04810126582278481,Afternoon,0,0,8,1.2116564417177915,9,0,80,1.52,10,18.94
335,72,1,1,332,95,High,36.6,3,2,107,35845,18,0.05373134328358209,Morning,2,2,6,1.0090361445783131,8,50,60,1.58,5,36.6
384,69,2,1,221,56,High,39.41,3,5,219,84096,10,0.026041666666666668,Evening,1,0,15,1.737556561085973,11,50,150,0.93,10,39.41
346,57,1,1,335,90,High,36.56,1,2,206,71276,19,0.05491329479768786,Morning,1,2,6,1.0328358208955224,23,50,60,1.5,5,36.56
429,52,2,0,369,122,Medium,19.35,1,1,202,86658,42,0.0979020979020979,Night,1,2,11,1.1626016260162602,28,0,110,2.03,5,19.35
337,48,1,1,351,100,High,36.59,0,5,120,40440,8,0.02373887240356083,Evening,1,2,6,0.9601139601139601,32,50,60,1.67,5,36.59
263,42,2,1,253,129,High,39.23,3,4,83,21829,25,0.09505703422053231,Night,0,0,4,1.0395256916996047,38,50,40,2.15,10,39.23
491,47,1,1,187,126,High,35.36,0,4,98,48118,42,0.0855397148676171,Afternoon,1,1,5,2.625668449197861,33,50,50,2.1,0,35.36
478,41,0,0,335,52,Medium,13.73,2,4,214,102292,32,0.06694560669456066,Night,1,2,8,1.4268656716417911,39,0,80,0.87,5,13.73
431,82,2,1,258,121,High,35.36,2,3,123,53013,1,0.002320185614849188,Night,0,2,13,1.6705426356589148,-2,50,130,2.02,5,35.36
359,58,2,0,315,51,Medium,13.13,1,5,155,55645,13,0.036211699164345405,Evening,1,1,14,1.1396825396825396,22,0,140,0.85,0,13.13
446,52,2,0,254,147,Medium,20.97,3,0,86,38356,19,0.042600896860986545,Evening,2,2,10,1.7559055118110236,28,0,100,2.45,5,20.97
390,89,0,0,356,105,Medium,13.95,3,3,96,37440,5,0.01282051282051282,Morning,1,2,7,1.095505617977528,-9,0,70,1.75,5,13.95
218,59,1,0,296,68,High,25.61,1,0,168,36624,5,0.022935779816513763,Evening,0,0,5,0.7364864864864865,21,0,50,1.13,10,25.61
165,76,1,0,211,52,Medium,20.43,1,4,141,23265,8,0.048484848484848485,Morning,2,2,8,0.7819905213270142,4,0,80,0.87,5,20.43
307,70,0,1,374,96,High,28.24,1,3,81,24867,6,0.019543973941368076,Evening,1,2,12,0.820855614973262,10,50,120,1.6,5,28.24
462,45,0,1,308,141,High,25.35,1,0,202,93324,42,0.09090909090909091,Afternoon,2,1,6,1.5,35,50,60,2.35,0,25.35
277,49,2,0,371,50,Medium,17.33,0,0,193,53461,3,0.010830324909747292,Morning,2,2,12,0.7466307277628033,31,0,120,0.83,5,17.33
410,56,0,1,377,109,High,34.0,3,1,197,80770,7,0.01707317073170732,Afternoon,0,0,15,1.0875331564986737,24,50,150,1.82,10,34.0
70,88,1,0,296,139,High,25.8,1,5,167,11690,0,0.0,Night,2,0,13,0.23648648648648649,-8,0,130,2.32,10,25.8
386,49,1,1,318,131,High,32.6,2,0,148,57128,7,0.018134715025906734,Afternoon,1,1,2,1.2138364779874213,31,50,20,2.18,0,32.6
375,82,0,0,392,123,Medium,18.97,0,2,103,38625,26,0.06933333333333333,Evening,2,0,9,0.9566326530612245,-2,0,90,2.05,10,18.97
249,34,1,0,198,71,Medium,16.7,2,3,135,33615,10,0.040160642570281124,Morning,0,1,2,1.2575757575757576,46,0,20,1.18,0,16.7
275,89,2,1,283,119,High,33.92,0,5,179,49225,26,0.09454545454545454,Night,2,2,10,0.9717314487632509,-9,50,100,1.98,5,33.92
102,36,1,1,330,106,High,40.39,3,5,93,9486,2,0.0196078431372549,Morning,1,0,4,0.3090909090909091,44,50,40,1.77,10,40.39
219,31,2,0,211,60,Medium,23.08,1,1,125,27375,10,0.045662100456621,Night,1,0,14,1.037914691943128,49,0,140,1.0,10,23.08
402,49,1,0,284,128,Medium,22.97,0,4,155,62310,30,0.07462686567164178,Morning,1,2,5,1.4154929577464788,31,0,50,2.13,5,22.97
336,58,1,1,344,115,High,31.88,2,5,84,28224,26,0.07738095238095238,Afternoon,2,1,4,0.9767441860465116,22,50,40,1.92,0,31.88
456,66,0,1,352,108,High,34.4,1,0,119,54264,2,0.0043859649122807015,Afternoon,1,0,6,1.2954545454545454,14,50,60,1.8,10,34.4
407,66,1,0,308,52,High,26.51,2,2,174,70818,8,0.019656019656019656,Morning,1,0,10,1.3214285714285714,14,0,100,0.87,10,26.51
477,31,2,0,150,101,Medium,18.04,1,5,146,69642,18,0.03773584905660377,Evening,0,1,4,3.18,49,0,40,1.68,0,18.04
60,81,2,1,213,146,High,32.99,0,0,139,8340,4,0.06666666666666667,Afternoon,0,2,5,0.28169014084507044,-1,50,50,2.43,5,32.99
180,44,1,0,195,87,High,26.29,0,3,204,36720,17,0.09444444444444444,Night,2,0,5,0.9230769230769231,36,0,50,1.45,10,26.29
419,85,0,1,242,100,High,30.13,0,4,111,46509,24,0.057279236276849645,Night,0,2,8,1.7314049586776858,-5,50,80,1.67,5,30.13
70,80,0,1,295,100,High,32.15,0,0,99,6930,0,0.0,Night,0,0,0,0.23728813559322035,0,50,0,1.67,10,32.15
459,61,1,0,179,80,Medium,24.45,3,5,84,38556,7,0.015250544662309368,Afternoon,2,2,6,2.564245810055866,19,0,60,1.33,5,24.45
284,88,2,0,341,106,Medium,23.43,0,0,216,61344,1,0.0035211267605633804,Morning,1,0,9,0.8328445747800587,-8,0,90,1.77,10,23.43
90,74,2,0,336,59,Medium,21.52,1,1,185,16650,2,0.022222222222222223,Night,2,0,9,0.26785714285714285,6,0,90,0.98,10,21.52
104,66,1,0,312,79,Medium,24.98,3,0,218,22672,8,0.07692307692307693,Evening,2,0,1,0.3333333333333333,14,0,10,1.32,10,24.98
473,84,1,0,220,51,Medium,18.15,1,1,80,37840,7,0.014799154334038054,Evening,0,1,7,2.15,-4,0,70,0.85,0,18.15
110,43,1,0,212,64,Medium,20.11,2,1,176,19360,0,0.0,Night,1,2,9,0.5188679245283019,37,0,90,1.07,5,20.11
295,66,0,1,391,73,High,27.72,0,0,163,48085,2,0.006779661016949152,Afternoon,1,2,2,0.7544757033248082,14,50,20,1.22,5,27.72
269,68,2,1,182,114,High,29.86,0,3,155,41695,10,0.03717472118959108,Afternoon,0,1,11,1.478021978021978,12,50,110,1.9,0,29.86
498,53,1,0,285,55,Medium,17.42,1,1,92,45816,15,0.030120481927710843,Morning,0,1,15,1.7473684210526317,27,0,150,0.92,0,17.42
362,80,2,1,398,117,High,33.77,3,4,118,42716,22,0.06077348066298342,Evening,1,2,15,0.9095477386934674,0,50,150,1.95,5,33.77
418,64,0,0,335,149,Medium,14.98,3,0,140,58520,9,0.0215311004784689,Afternoon,2,2,11,1.2477611940298508,16,0,110,2.48,5,14.98
67,70,0,0,348,76,Medium,11.65,1,0,207,13869,0,0.0,Morning,2,2,9,0.1925287356321839,10,0,90,1.27,5,11.65
142,73,2,0,293,62,Medium,16.99,2,1,113,16046,2,0.014084507042253521,Night,2,2,5,0.48464163822525597,7,0,50,1.03,5,16.99
83,58,0,1,371,125,Medium,22.52,0,5,182,15106,1,0.012048192771084338,Afternoon,0,1,7,0.22371967654986524,22,50,70,2.08,0,22.52
408,76,1,1,210,141,High,44.23,0,0,98,39984,4,0.00980392156862745,Morning,1,0,6,1.9428571428571428,4,50,60,2.35,10,44.23
218,47,2,1,201,52,High,28.03,3,4,174,37932,7,0.03211009174311927,Night,0,1,11,1.0845771144278606,33,50,110,0.87,0,28.03
358,54,1,1,322,59,High,31.2,0,5,115,41170,6,0.01675977653631285,Afternoon,0,1,5,1.1118012422360248,26,50,50,0.98,0,31.2
419,72,2,1,160,78,High,36.54,3,1,185,77515,20,0.0477326968973747,Night,0,2,1,2.61875,8,50,10,1.3,5,36.54
368,30,1,0,385,79,Medium,16.24,3,4,150,55200,30,0.08152173913043478,Evening,2,1,6,0.9558441558441558,50,0,60,1.32,0,16.24
105,70,1,1,340,93,High,30.17,3,2,217,22785,8,0.0761904761904762,Morning,0,1,4,0.3088235294117647,10,50,40,1.55,0,30.17
239,51,0,1,254,89,Medium,23.36,3,5,218,52102,15,0.06276150627615062,Afternoon,0,1,10,0.9409448818897638,29,50,100,1.48,0,23.36
117,90,1,1,248,73,High,35.16,2,3,152,17784,8,0.06837606837606838,Afternoon,1,2,4,0.4717741935483871,-10,50,40,1.22,5,35.16
176,60,2,0,372,109,Medium,22.76,0,3,212,37312,15,0.08522727272727272,Morning,1,0,10,0.4731182795698925,20,0,100,1.82,10,22.76
147,43,0,0,195,76,Medium,17.77,2,2,93,13671,8,0.05442176870748299,Afternoon,0,0,5,0.7538461538461538,37,0,50,1.27,10,17.77
154,39,1,1,209,134,High,31.71,2,2,182,28028,1,0.006493506493506494,Evening,2,1,11,0.7368421052631579,41,50,110,2.23,0,31.71
474,70,1,0,207,111,Medium,24.43,2,3,128,60672,35,0.07383966244725738,Night,0,2,11,2.289855072463768,10,0,110,1.85,5,24.43
